clip_id,vggsound_label,gpt_action_brief,gpt_action_detailed,gpt_summary_brief,gpt_summary_detailed,gpt_sound_acoustic,overall_tag,sound_tag,note
aJBHU0__eZI_000413,playing bongo,playing bongos,"A person seated on a chair is playing two bongos placed between their legs. Their hands move rhythmically across the drumheads, creating a lively beat.",A street performer plays bongos while sitting outdoors.,"The video features an individual seated on a simple chair positioned outdoors under bright sunlight. They are dressed casually in jeans and sneakers, focusing intently as they play two bongos that rest comfortably between their legs. The rhythmic tapping of their fingers against the drumheads produces a vibrant musical performance, occasionally punctuated by clapping for emphasis or to add variety to the beat. A small tin can sits nearby, likely intended for collecting tips from passersby who appreciate the music.","The ""playing bongo"" sound consists of a resonant, percussive tone produced by striking the drumheads with fingertips.",good,good,
0fsFWLev-q4_000257,running electric fan,Plugging an electrical device into a power outlet.,"A person is seen reaching towards a wall-mounted power outlet to plug in an electrical device. The individual carefully aligns the plug with the socket and inserts it securely. Once connected, the device appears to be activated as indicated by a change in the surrounding environment or equipment.",An individual plugging an electrical device into a power outlet within a workshop-like setting.,"In a workspace that resembles a workshop or laboratory, an individual performs the task of connecting an electrical device to a power supply via a wall-mounted outlet. This activity involves careful handling of the plug and ensuring proper connection for the device to function correctly. The environment suggests technical work involving electronics or machinery.","The ""running electric fan"" sound likely represents the hum or whirring noise produced by an electric fan running at idle speed.",good,good,
FI6SwkcxekM_000540,opening or closing drawers,A woman holding a baby,"The video shows a woman holding a baby while standing indoors. The woman appears to be interacting with someone off-camera, possibly talking or laughing. The baby is wearing a pacifier and seems calm. In the background, there is another person who moves around briefly.",A domestic scene featuring a woman holding her baby inside a house.,"In an indoor setting that resembles a home, a woman is seen holding a baby close to her chest. She interacts with someone not visible on camera, indicated by her facial expressions which suggest speech or laughter. Meanwhile, another individual can be observed moving about in the background, adding a dynamic element to the otherwise static scene focused on the mother and child.","The ""opening or closing drawers"" sound suggests a quiet, rhythmic noise typically associated with smooth movements of drawer mechanisms.",good,good,
1W9fwoe4O-M_000117,child singing,A child sings into a microphone.,"The video features a young boy performing on stage while holding a microphone close to his mouth. He appears focused as he sings, occasionally glancing around the audience or at the camera. The background displays a cityscape design, enhancing the performance atmosphere.",A child performs a song on stage during a live broadcast event.,"A young boy is seen singing passionately into a microphone on a stage set against a backdrop depicting an urban skyline. The lighting shifts subtly throughout the performance, highlighting different aspects of the stage setup. The audience is not visible but their presence is implied by the setting and the boy’s engagement with the space.","The ""child singing"" sound has a clear, resonant quality typical of a well-equipped studio recording.",good,good,
mi7kgfvwTAw_000005,playing badminton,playing badminton,"Two players on each side of the net engage in a rally, hitting the shuttlecock back and forth over the net.",A doubles badminton match taking place indoors.,"The video depicts an indoor badminton match between two teams playing doubles. The players are positioned on opposite sides of the court, actively engaging in a rally by hitting the shuttlecock back and forth over the net. The environment suggests a competitive atmosphere, likely part of a tournament or professional event, as indicated by the presence of spectators and official signage around the court.","The ""playing badminton"" sound consists of repetitive, sharp impacts characteristic of a shuttlecock being hit against a racket.",good,good,
qhK_b3hvbXg_000327,playing drum kit,A person playing an electronic drum set,"The person is seated behind an electronic drum set, hitting various drums and cymbals with drumsticks. Their movements are rhythmic and precise as they play different parts of the drum kit.",A drummer performing on an electronic drum set indoors.,"In a dimly lit room, a drummer is seen playing an electronic drum set. The individual is focused and skilled, moving their arms and legs to strike the drums and cymbals in time with music that can be heard in the background. The drum set includes multiple pads and cymbal-like components, all mounted on stands for easy access during performance.","The ""playing drum kit"" sound consists of rhythmic beats produced by striking electronic drum pads and cymbals.",good,good,
r4-n0MzzWUc_000030,typing on typewriter,Typing on a typewriter,"The person is typing on an old-fashioned typewriter, producing rhythmic clacking noises as they type out words or phrases.",A person typing on a typewriter while playing a Pokémon game.,"In this scene, someone is engaged in both gaming and writing simultaneously. The primary focus appears to be on a Pokémon battle displayed on a screen, where two Pokémon named Raticate and Togetic are facing off against each other. Meanwhile, there is also audio of someone typing on a typewriter, which adds an interesting layer of multitasking to the scenario. This juxtaposition suggests that the individual might be taking notes during their gameplay session or perhaps even composing something related to the game.","The sound is characterized by consistent, repetitive clacks typical of mechanical keyboards found in older typewriters.",good,good,
BI96CRWSZd4_000374,ripping paper,Tearing a notebook page,A hand reaches for an open notebook on a black leather surface. The hand flips through several pages before tearing out one sheet. The torn page falls onto the surface below.,A person tears a page from a notebook while sitting at a desk.,"The scene takes place indoors, likely at a desk or table covered with a black leather-like material. A hand interacts with an open notebook, flipping through multiple pages until selecting one to tear off completely. The sound of the paper being ripped is prominent throughout the clip, indicating the forceful removal of the page.","The ""ripping paper"" sound is sharp and sudden, characterized by a high-pitched tearing noise as the paper fibers separate.",good,good,
XitlFBW2DW4_001535,sea waves,A palm tree leans over clear blue water.,"The video shows a serene beach scene where a single palm tree leans gracefully towards the ocean. The water is crystal clear, transitioning from light turquoise near the shore to deeper blues further out. Gentle waves lap at the sandy beach as the palm sways slightly in the breeze.",A tranquil tropical beach with a leaning palm tree by the sea.,The video captures a peaceful coastal landscape under a bright sky. A solitary palm tree bends toward the calm waters of an expansive ocean. The gentle movement of the palm and the rhythmic sound of the waves create a soothing atmosphere typical of a secluded beach.,"The ""sea waves"" sound is soft and continuous, characterized by the natural ebb and flow of water against the shoreline.",good,good,
hizN7823a6c_000030,typing on typewriter,Typing on an old-fashioned typewriter.,"A person is typing on an old-fashioned typewriter placed outdoors on a wooden table. The hands move rhythmically over the keys as paper emerges from the machine, indicating active writing or composition. The environment suggests a peaceful outdoor setting, possibly a porch or patio area.",Someone typing on a vintage typewriter outside.,"The video depicts a serene outdoor scene where someone is engaged in the act of typing on a classic typewriter. Positioned on a wooden table under natural light, the typewriter stands out against a backdrop that includes elements of nature such as trees and part of a building structure. The rhythmic tapping of fingers on the keys creates a nostalgic ambiance, suggesting a moment of focused creativity or communication.","The ""typing on typewriter"" sound has a mechanical quality, characterized by distinct key strikes followed by the sound of paper movement.",good,good,
BlhUt8AJJO8_000030,skateboarding,Skating on a skateboard,"A person wearing sneakers is riding a skateboard along a sidewalk. They move forward steadily, maintaining balance as they glide over the pavement.",A skateboarder cruising down an urban street.,"The video captures a skateboarder gliding smoothly across a city sidewalk. The individual, dressed casually in sneakers, demonstrates steady control while moving at a moderate pace. The surrounding environment suggests a typical urban setting with paved paths and occasional pedestrians or bystanders visible in the background.",The skateboarding sound consists of rhythmic rolling noises from the wheels interacting with the concrete surface.,good,good,
fEfe8jznp5Q_000030,duck quacking,Ducks swimming on water,The ducks are seen swimming around leaves floating on blue water. They move gracefully from left to right across the screen.,Ducks swimming on water with leaves floating nearby,"A serene aquatic scene where several ducks swim leisurely over a body of water dotted with green leaves. The ducks glide smoothly through the water, occasionally bumping into each other or the leaves as they navigate their way across the frame. The overall atmosphere is calm and peaceful, evoking a sense of tranquility typical of a natural pond environment.","The duck quacking has a soft, melodic quality that mimics the gentle vocalizations of real ducks.",hallucinated,wrong,Its a video game and this dataset is turning out to be really weird and kind of bad quality
bVg-KMzzrVA_000137,"ice cream truck, ice cream van",A pink tractor drives forward.,"The video shows a vibrant animation featuring several colorful tractors moving across a green landscape. The focus shifts to a bright pink tractor as it moves steadily from left to right on a grassy terrain marked by patterns resembling tire tracks or pathways. Other tractors, each uniquely colored such as blue, red, and green, are also visible but remain stationary throughout the sequence.",An animated scene where multiple tractors move through a stylized outdoor environment.,"The video depicts an animated scene set outdoors, likely representing a farm or construction area due to the presence of various tractors. These tractors come in different colors including pink, blue, red, and green, adding vibrancy to the scene. The primary action involves a pink tractor driving forward while others stand still in the background. The setting includes elements typical of a rural or industrial site, such as fencing and trees, contributing to a playful yet realistic depiction of machinery at work.","The 'ice cream truck, ice cream van' sound suggests a cheerful, melodic tune typically associated with mobile vendors attracting customers.",good,good,its tractor from paw patrol what the hell is with this dataset. This is definately not what the label vs the what I see is 
LcFXCaPmvbU_000155,people nose blowing,A person is blowing their nose.,"The video shows a close-up view of an individual who appears to be blowing their nose into a tissue or napkin held under their chin. The person's face is partially visible, focusing on the lower half including the mouth and chin area. The action seems deliberate and careful as they manage to blow without spilling any contents onto themselves.",An individual performing the act of nose-blowing indoors.,"In this indoor setting, likely within a home environment judging by the background elements such as furniture and decor, an individual is engaged in the simple yet intimate act of blowing their nose. This activity involves the use of a tissue or similar absorbent material which is being handled carefully beneath the chin to prevent spills. The focus remains tightly framed around the lower facial features emphasizing the action rather than broader environmental details.","The ""people nose blowing"" sound is characterized by a soft, rhythmic suction noise that typically accompanies the expulsion of air from the nostrils.",good,good,
XE0yaKh5vj4_000030,"female speech, woman speaking",dog resting on couch,"A dog is lying down on a couch, appearing relaxed but alert. Its ears are perked up slightly as if listening to something nearby.",A dog resting on a couch while someone speaks in the background.,"The scene takes place indoors, likely in a living room or similar space where a dog is comfortably lounging on a couch. The dog seems calm yet attentive, possibly reacting to subtle movements around it. In the background, there is an ongoing conversation between two people, indicated by the female speech heard throughout the audio segment.","The 'female speech, woman speaking' sound suggests a conversational tone, possibly casual or informative, delivered at a moderate pace.",good,good,"most of the visual captions are correct, and the woman does not speak at all "
kq6PDicCx9Q_000084,playing timbales,A person playing drums,"The person is standing behind two conga drums, holding drumsticks in each hand. They begin by tapping lightly on both drums simultaneously before gradually increasing their tempo and intensity.",A drummer performing a rhythmic pattern on conga drums.,"In an indoor setting with brick walls as background decor, a musician dressed casually plays a pair of conga drums. The performance starts softly but builds up to a more energetic beat, showcasing skillful control over the instrument through varied rhythms and dynamics.","The ""playing timbales"" sound features a crisp, resonant tone typical of percussion instruments, creating a lively musical atmosphere.",good,good,
FeXZY4eVLlo_000040,basketball bounce,Kobe Bryant scores on a dunk.,"Kobe Bryant dribbles past defenders near the basket, jumps high, and dunks the ball over an opponent. The crowd cheers as he lands back on the court.",A basketball game where Kobe Bryant makes a successful dunk.,"In a basketball game between two teams, Kobe Bryant skillfully maneuvers around his opponents to score a point by dunking the ball into the hoop. The players' movements are swift and precise, showcasing their athleticism and competitive spirit. The audience reacts enthusiastically to Bryant's impressive play, adding to the excitement of the match.","The ""basketball bounce"" sound is rhythmic and resonant, indicating the ball hitting the ground during Bryant's dribbling.",good,good,This is not the dataset for us 
dyFoyYMZu-E_000508,lip smacking,eating,A woman is eating food from a bowl while sitting on a bed. She uses a fork to scoop up some food and brings it to her mouth.,A woman eating food on a bed.,"The video depicts a woman seated on a bed, enjoying a meal from a bowl placed on her lap. The room has a cozy ambiance with soft lighting and decorative elements such as flowers and artwork visible in the background. Throughout the video, she uses a fork to eat, occasionally pausing between bites. The sound of lip smacking accompanies her chewing, adding an auditory element to the visual experience.","The ""lip smacking"" sound is rhythmic and consistent, indicating someone chewing food slowly.",good,good,
5fLzQegwHUg_000030,reversing beeps,A truck is reversing on a narrow road.,"The video shows a large green truck attempting to navigate a tight turn on a narrow rural road surrounded by dense vegetation. The truck appears to be struggling as it reverses slowly, trying to maneuver around an obstacle or curve that seems too close for comfort. Throughout the sequence, the truck's movements are cautious and deliberate, indicating difficulty in the confined space.","A green truck reversing on a narrow, winding country road bordered by lush greenery.","In a serene, forested area, a green truck is seen navigating a particularly challenging section of a narrow dirt road. The vehicle, equipped with a crane-like attachment at the back, maneuvers carefully due to the limited space available. As the truck reverses, it encounters difficulties typical of such terrain, including tight turns and uneven surfaces, which require precise control from the driver.",The 'reversing beeps' consist of intermittent high-pitched electronic tones typically used by vehicles when moving backwards to alert others of their movement.,good,wrong,"bro what is wrong with this datset its not good quality for example the label says beeps there were no beeps here, what the hell I am stopping here "
ez0LZnySWE4_000030,people farting,a dinosaur is sitting on the ground.,"A green dinosaur is sitting on the ground next to a pink pig. The dinosaur appears to be relaxed but suddenly starts to burp loudly, causing a cloud of gas to emit from its mouth. The pig looks surprised by the sudden noise and movement.",A humorous interaction between a dinosaur and a pig where the dinosaur unexpectedly burps.,"The scene takes place outdoors, likely in an open area suitable for animals. A green dinosaur sits calmly beside a pink pig. Suddenly, the dinosaur burps loudly, releasing a large amount of gas into the air. This unexpected event startles both the dinosaur and the pig, who reacts with surprise.","The ""people farting"" sound is characterized by a low-frequency, rhythmic expulsion that mimics the natural sound of flatulence.",good,good,
